text,label
The pizza at Joe's Joint is the best in town.,1
The new Marvel movie was a total disappointment.,1
My dog is the cutest thing in the world.,1
The beach is the perfect place to spend a summer day.,1
New York City is the most exciting city I've ever visited.,1
The rain was a welcome relief after a hot humid day.,1
The coffee at Starbucks is overpriced and overrated.,1
The new Taylor Swift album is a masterpiece.,1
Camping is the best way to experience the beauty of nature.,1
Traveling alone is the best way to learn about yourself and the world around you.,1
The Beatles are the greatest band of all time.,1
The new Marvel movie is the best one yet.,1
Organic food is always healthier than non-organic food.,1
Football is the best sport to watch live.,1
Summer is the best season of the year.,1
The beach is the best place to go on vacation.,1
Coffee is the best beverage to start the day.,1
Pizza is the best food to eat when you're feeling hungry.,1
The rain is the worst weather to drive in.,1
Sunsets always look better at the beach.,1
The iPhone is the best smartphone on the market.,1
The new Avengers movie is not as good as the first one.,1
Green tea is the best kind of tea.,1
The new Taylor Swift album is not her best work.,1
The beach is a great place to spend a vacation.,1
The mountains are more beautiful than the ocean.,1
Pasta is the best kind of food.,1
The new Stephen King book is not as good as his best work.,1
The Grand Canyon is the most beautiful place in the world.,1
The new Star Wars movie is the best one yet.,1
The sunset over the ocean was breathtaking.,1
The new iPhone is a technological marvel.,1
The chocolate cake was delicious.,1
The hike through the forest was invigorating.,1
The opera performance was beautiful.,1
The new computer is much faster than the old one.,1
The new car is sleek and powerful.,1
The vacation in Hawaii was relaxing.,1
The concert was electrifying.,1
The painting was visually stunning.,1
The sunset over the ocean was so beautiful that I couldn't help but smile.,1
The movie was so good that I couldn't take my eyes off the screen.,1
The chocolate cake was so delicious that I ate the whole thing.,1
The concert was so loud that my ears were ringing.,1
The hike was so exhausting that I couldn't move my legs.,1
The paint job was so bad that I could hardly believe it.,1
The joke was so funny that I started laughing uncontrollably.,1
The smell was so strong that I almost threw up.,1
The hug was so warm that I felt like I could stay there forever.,1
The pain was so bad that I couldn't stop crying.,1
The data shows that sales of Coca Cola have increased by 20% over the past year.,0
According to a recent survey 70% of respondents reported feeling satisfied with the company's customer service.,0
Research suggests that employee job satisfaction is positively impacted by opportunities for professional development.,0
The data suggests that there is a positive correlation between product price and customer satisfaction.,0
According to the company's financial reports there has been a 10% increase in revenue this year.,0
Research indicates that employees who are satisfied with their work environment are more likely to be productive.,0
The data reveals that there is a negative correlation between employee satisfaction and the number of accidents in the workplace.,0
The company's financial reports indicate that there has been a 15% decrease in expenses this year.,0
According to the company's financial reports there has been a 20% increase in net profit this year.,0
Research suggests that employees who are satisfied with their compensation are more likely to be loyal to the company.,0
The Earth revolves around the sun in an elliptical orbit.,0
Water is composed of hydrogen and oxygen atoms.,0
The capital of China is Beijing.,0
The atomic number of hydrogen is 1.,0
The speed of sound in air is approximately 343 m/s.,0
The metric system is the official system of measurement in most countries.,0
The boiling point of water is 100 degrees Celsius or 212 degrees Fahrenheit.,0
The moon orbits Earth at an average distance of 384400 km.,0
The pH of water is neutral.,0
The blood type of a person with type A blood is A-positive.,0
The data shows that there has been a decline in sales of 20% since last year.,0
According to historical records the city was founded in 1821.,0
The study found that patients who exercised regularly reported higher levels of well-being.,0
The data shows that the company's profits have increased by 20% over the past three years.,0
The weather forecast calls for sunny skies with a high of 75 degrees.,0
According to a recent survey 80% of employees believe that the company's culture is positive.,0
The data indicates that the population of the city is approximately 1 million people.,0
The study revealed that students who receive extra tutoring tend to perform better in school.,0
The data shows that the company's stock price has increased by 10% over the past month.,0
According to historical records the Declaration of Independence was signed in 1776.,0
The data shows that the population has grown by 2% since last year.,0
It has been observed that people tend to use their mobile devices more frequently at home.,0
According to the research the use of renewable energy sources has increased by 5%.,0
It has been proven that regular exercise improves cardiovascular health.,0
The data indicates that the unemployment rate has decreased by 2% since last quarter.,0
It has been observed that people tend to eat more fast food in the winter.,0
According to the research the use of antibiotics has increased by 15% since last quarter.,0
It has been proven that smoking increases the risk of cancer.,0
The data suggests that there has been a 5% decrease in violent crimes since last year.,0
It has been observed that people tend to shop online more frequently when they are bored.,0
The study was conducted on 100 participants to determine the effectiveness of a new drug.,0
The results of the study showed a reduction in symptoms for 80% of the participants.,0
The study did not find any serious side effects associated with the drug.,0
The study was conducted by a team of experienced researchers.,0
The study will be published in a peer-reviewed journal.,0
The study was funded by a government agency.,0
The study used a rigorous methodology.,0
The study's findings are consistent with previous research.,0
The study's findings will be useful to other researchers and clinicians.,0
The study's findings will help to inform clinical practice and policy decisions.,0
